{"OpenedDocuments":"[\"Main.xaml\",\"Exract data from web.xaml\"]","ProjectWatches":"{\"Value\":[]}","ProjectBreakpoints":"{\"Value\":{\"_temp.xaml\":[{\"ConditionalExpression\":null,\"ActionExpression\":null,\"ExpectedHitCounter\":null,\"ShouldContinueAfterAction\":false,\"IsTransient\":false,\"IsEnabled\":true,\"Id\":\"9d13eb34-b6a2-4cc6-aedf-e38150853972\",\"ActivityIdRef\":\"WriteLine_1\",\"ActivityId\":\"1.10\",\"ActivityName\":\"Write Line\"},{\"ConditionalExpression\":null,\"ActionExpression\":null,\"ExpectedHitCounter\":null,\"ShouldContinueAfterAction\":false,\"IsTransient\":false,\"IsEnabled\":true,\"Id\":\"1429b32f-3bc9-4171-ab22-f9e0c7ba2d5c\",\"ActivityIdRef\":\"Assign_1\",\"ActivityId\":\"1.5\",\"ActivityName\":\"Assign\"}]}}"}